alpha2,de,fr,es,el,ru,ar
af,Afghanistan,Afghanistan,Afganist?n,??????????,??????????,εδλ«Άλ
al,Albanien,Albanie,Albania,???????,???????,ι λο
dz,Algerien,Alg‚rie,Argelia,???????,?????,ι¤©
ad,Andorra,Andorre,Andorra,???????,???????,λ§ν©
ao,Angola,Angola,Angola,???????,??????,λδνι
ag,Antigua und Barbuda,Antigua-et-Barbuda,Antigua y Barbuda,????????? ??? ???????????,??????? ? ???????,λΆοδν ν © ν§
az,Aserbaidschan,Azerba‹djan,Azerbaiy?n,????????????,???????????,¨© ο¤λ
ar,Argentinien,Argentine,Argentina,?????????,?????????,ι©¤λΆολ
au,Australien,Australie,Australia,?????????,?????????,«Ά©ιο
at,?sterreich,Autriche,Austria,???????,???????,ιλκ«
bs,Bahamas,Bahamas,Bahamas,????????,????????? ???????, μκ«
bh,Bahrain,Bahre‹n,Bar‚in,????????,???????,ι ¥©ολ
bd,Bangladesch,Bangladesh,Banglad‚s,????????????,?????????, λδι§ο¬
am,Armenien,Arm‚nie,Armenia,???????,???????,©κολο
bb,Barbados,Barbade,Barbados,???????????,????????, © §ν«
be,Belgien,Belgique,B‚lgica,??????,???????, ι¤οθ
bt,Bhutan,Bhoutan,But?n,???????,?????, νΆλ
bo,Bolivien,Bolivie,Bolivia,???????,???????, νιοεο
ba,Bosnien und Herzegowina,Bosnie-Herz‚govine,Bosnia y Herzegovina,??????-??????????,?????? ? ???????????,ι ν«λ΅ νιμ©«θ
bw,Botswana,Botswana,Botsuana,??????????,????????, νΆ«νλ
br,Brasilien,Br‚sil,Brasil,????????,????????,ι ©οι
bz,Belize,Belize,Belice,??????,?????, ιο
sb,Salomonen,Salomon,Islas Salom?n,????? ?????????,?????????? ???????,¤© «ιοκλ
bn,Brunei,Brunei,Brun‚i,????????,??????, ©νλο
bg,Bulgarien,Bulgarie,Bulgaria,?????????,????????, ιδ©ο
mm,Myanmar,Birmanie,Birmania,???????,??????,κολκ©
bi,Burundi,Burundi,Burundi,??????????,???????, ν©νλ§ο
by,Wei?russland,Bi‚lorussie,Bielorrusia,??????????,??????????,©ν«ο ι οΰ
kh,Kambodscha,Cambodge,Camboya,????????,????????,θκ ν§ο
cm,Kamerun,Cameroun,Camer?n,????????,???????,ιθκο©νλ
ca,Kanada,Canada,Canad?,???????,??????,θλ§
cv,Kap Verde,Cap-Vert,Cabo Verde,??????? ????????,????-?????,ι©« ι¦ΰ©
cf,Zentral?afrikanische Republik,R‚publique centrafricaine,Rep?blica Centroafricana,???????????????? ??????????,???,¤κμν©ο΅ ε©οηο ιν«αξ
lk,Sri Lanka,Sri Lanka,Sri Lanka,??? ?????,???-?????,«©οιλθ
td,Tschad,Tchad,Chad,?????,???,Ά¬§
cl,Chile,Chili,Chile,????,????,Ά¬οιο
cn,Volksrepublik China,Chine,China,????,????? (????????? ???????? ??????????),ι­ολ
co,Kolumbien,Colombie,Colombia,????????,????????,θνινκ ο
km,Komoren,Comores (pays),Comoras,???????,??????,¤© ιηκ©
cg,"Kongo, Republik",R‚publique du Congo,Rep?blica del Congo,?????,?????????? ?????,¤κμν©ο΅ ιθνλδν
cd,"Kongo, Demokratische Republik",R‚publique d‚mocratique du Congo,Rep?blica Democr?tica del Congo,????? ?????????? ??? ?????,?? ?????,¤κμν©ο΅ ιθνλδν ι§οκη©αο΅
cr,Costa Rica,Costa Rica,Costa Rica,????? ????,?????-????,θν«Ά©οθ
hr,Kroatien,Croatie,Croacia,???????,????????,θ©νΆο
cu,Kuba,Cuba,Cuba,?????,????,θν 
cy,Zypern,Chypre (pays),Chipre,??????,????,η ©­
cz,Tschechien,Tch‚quie,Rep?blica Checa,??????,?????,¤κμν©ο΅ ιΆ¬οθ
bj,Benin,B‚nin,Ben?n,??????,?????, λολ
dk,D?nemark,Danemark,Dinamarca,?????,?????,ι§λκ©θ
dm,Dominica,Dominique,Dominica,????????,????????,§νκολοθ
do,Dominikanische Republik,R‚publique dominicaine,Rep?blica Dominicana,?????????? ??????????,????????????? ??????????,¤κμν©ο΅ ι§νκολοθλ
ec,Ecuador,?quateur (pays),Ecuador,??????????,???????,ιθν§ν©
sv,El Salvador,Salvador,El Salvador,?? ????????,?????????,ι«ιε§ν©
gq,?quatorialguinea,Guin‚e ‚quatoriale,Guinea Ecuatorial,????????? ???????,?????????????? ??????,δολο ι«Άνο΅
et,?thiopien,?thiopie,Etiop?a,????????,???????,£ον ο
er,Eritrea,?rythr‚e,Eritrea,????????,???????,©οΆ©ο
ee,Estland,Estonie,Estonia,???????,???????,«Άνλο
fj,Fidschi,Fidji,Fiyi,?????,?????,εο¤ο
fi,Finnland,Finlande,Finlandia,?????????,?????????,ελιλ§
fr,Frankreich,France,Francia,??????,???????,ε©λ«
dj,Dschibuti,Djibouti,Yibuti,?????????,???????,¤ο νΆο
ga,Gabun,Gabon,Gab?n,???????,?????,ιδ νλ
ge,Georgien,G‚orgie (pays),Georgia,???????,??????,¤ν©¤ο
gm,Gambia,Gambie,Gambia,???????,??????,δκ ο
de,Deutschland,Allemagne,Alemania,????????,????????,ικλο
gh,Ghana,Ghana,Ghana,?????,????,δλ
ki,Kiribati,Kiribati,Kiribati,?????????,????????,θο©ο Άο
gr,Griechenland,Grce,Grecia,??????,??????,ιονλλ
gd,Grenada,Grenade (pays),Granada,???????,???????,δ©ολ§
gt,Guatemala,Guatemala,Guatemala,??????????,?????????,δνΆοκι
gn,Guinea,Guin‚e,Guinea,???????,??????,δολο
gy,Guyana,Guyana,Guyana,???????,??????,δολ
ht,Haiti,Ha‹ti,Hait?,????,?????,μοΆο
hn,Honduras,Honduras,Honduras,???????,????????,μλ§ν©«
hu,Ungarn,Hongrie,Hungr?a,????????,???????,ικ¤©
is,Island,Islande,Islandia,????????,????????,™ο«ιλ§
in,Indien,Inde,India,?????,?????,ιμλ§
id,Indonesien,Indon‚sie,Indonesia,?????????,?????????,λ§νλο«ο
ir,Iran,Iran,Ir?n,????,????,ο©λ
iq,Irak,Irak,Irak,????,????,ιγ©η
ie,Irland,Irlande (pays),Irlanda,????????,????????,ο©ιλ§
il,Israel,Isra‰l,Israel,??????,???????,«©οι
it,Italien,Italie,Italia,??????,??????,οαιο
ci,Elfenbeink?ste,C“te d'Ivoire,Costa de Marfil,???? ????????????,???-???????,«¥ι ιγ¤
jm,Jamaika,Jama‹que,Jamaica,????????,??????,¤κοθ
jp,Japan,Japon,Jap?n,???????,??????,ιο λ
kz,Kasachstan,Kazakhstan,Kazajist?n,?????????,?????????,θ¦«Άλ
jo,Jordanien,Jordanie,Jordania,????????,????????,ι©§λ
ke,Kenia,Kenya,Kenia,?????,?????,θολο
kp,"Korea, Nord",Cor‚e du Nord,Corea del Norte,?????? ?????,???? (????????? ???????-??????????????? ??????????),θν©ο ι¬κιο΅
kr,"Korea, S?d",Cor‚e du Sud,Corea del Sur,????? ?????,?????????? ?????,θν©ο ι¤λν ο΅
kw,Kuwait,Kowe‹t,Kuwait,???????,??????,ιθνοΆ
kg,Kirgisistan,Kirghizistan,Kirguist?n,????????,????????,ηο©δο«Άλ
la,Laos,Laos,Laos,????,????,ιν«
lb,Libanon,Liban,L?bano,???????,?????,ι λλ
ls,Lesotho,Lesotho,Lesoto,??????,??????,ιο«νΆν
lv,Lettland,Lettonie,Letonia,????????,??????,ιΆεο
lr,Liberia,Liberia,Liberia,???????,???????,ιο ο©ο
ly,Libyen,Libye,Libia,?????,?????,ιο ο
li,Liechtenstein,Liechtenstein,Liechtenstein,???????????,???????????,ιο¦Άλ¬Άολ
lt,Litauen,Lituanie,Lituania,?????????,?????,ιοΆνλο
lu,Luxemburg,Luxembourg (pays),Luxemburgo,????????????,??????????,ινθ«κ ν©δ
mg,Madagaskar,Madagascar,Madagascar,???????????,??????????,κ§δ¬η©
mw,Malawi,Malawi,Malaui,???????,??????,κινο
my,Malaysia,Malaisie,Malasia,????????,????????,κιοο
mv,Malediven,Maldives,Maldivas,????????,????????,¤© ικι§οε
ml,Mali,Mali,Mal?,????,????,κιο
mt,Malta,Malte,Malta,?????,??????,κια
mr,Mauretanien,Mauritanie,Mauritania,??????????,??????????,κν©οΆλο
mu,Mauritius,Maurice (pays),Mauricio,?????????,????????,κν©ο¬ον«
mx,Mexiko,Mexique,M‚xico,??????,???????,ικθ«οθ
mc,Monaco,Monaco,M?naco,??????,??????,κνλθν
mn,Mongolei,Mongolie,Mongolia,????????,????????,κλδνιο
md,Moldau,Moldavie,Moldavia,????????,????????,κνι§νε
me,Montenegro,Mont‚n‚gro,Montenegro,???????????,??????????,ι¤ ι ι«ν§
ma,Marokko,Maroc,Marruecos,??????,???????,ικδ© 
mz,Mosambik,Mozambique,Mozambique,?????????,????????,κνκ οη
om,Oman,Oman,Om?n,????,????,γκλ
na,Namibia,Namibie,Namibia,????????,???????,λκο ο
nr,Nauru,Nauru,Nauru,???????,?????,λν©ν
np,Nepal,N‚pal,Nepal,?????,?????,λο ι
nl,Niederlande,Pays-Bas,Pa?ses Bajos,???????? (???? ?????),??????????,μνιλ§
vu,Vanuatu,Vanuatu,Vanuatu,?????????,???????,ελνΆν
nz,Neuseeland,Nouvelle-Z‚lande,Nueva Zelanda,??? ????????,????? ????????,λονοιλ§
ni,Nicaragua,Nicaragua,Nicaragua,??????????,?????????,λοθ©δν
ne,Niger,Niger,N?ger,???????,?????,ιλο¤©
ng,Nigeria,Nigeria,Nigeria,???????,???????,λο¤ο©ο
no,Norwegen,Norvge,Noruega,????????,????????,ιλ©νο¤
fm,Mikronesien,?tats f‚d‚r‚s de Micron‚sie (pays),Micronesia,?????????? ????????? ??? ???????????,??????????,νιοΆ κοθ©νλο«ο ικΆ¥§΅
mh,Marshallinseln,?les Marshall (pays),Islas Marshall,????? ??????,?????????? ???????,¤© κ©¬ι
pw,Palau,Palaos,Palaos,??????,?????, ιν
pk,Pakistan,Pakistan,Pakist?n,????????,????????, θ«Άλ
pa,Panama,Panama,Panam?,???????,??????, λκ
pg,Papua-Neuguinea,Papouasie-Nouvelle-Guin‚e,Pap?a Nueva Guinea,?????? ??? ???????,????? ? ????? ??????,  ν δολο ι¤§ο§΅
py,Paraguay,Paraguay,Paraguay,?????????,????????, ©δνο
pe,Peru,P‚rou,Per?,?????,????, ο©ν
ph,Philippinen,Philippines,Filipinas,??????????,?????????,ιει ολ
pl,Polen,Pologne,Polonia,???????,??????, νιλ§
pt,Portugal,Portugal,Portugal,??????????,??????????,ι ©Άδι
gw,Guinea-Bissau,Guin‚e-Bissau,Guinea-Bis?u,???????-????????,??????-?????,δολο  ο«ν
tl,Osttimor,Timor oriental,Timor Oriental,????????? ?????,????????? ?????,Άοκν© ι¬©ηο΅
qa,Katar,Qatar,Catar,?????,?????,ηα©
ro,Rum?nien,Roumanie,Rumania,????????,???????,©νκλο
ru,Russland,Russie,Rusia,?????,??????,©ν«ο
rw,Ruanda,Rwanda,Ruanda,???????,??????,©νλ§
kn,St. Kitts und Nevis,Saint-Christophe-et-Ni‚vs,San Crist?bal y Nieves,????? ??????????? ??? ?????,????-???? ? ?????,«λΆ θοΆ« νλοεο«
lc,St. Lucia,Sainte-Lucie,Santa Luc?a,???? ??????,????-?????,«λΆ ιν«ο
vc,St. Vincent und die Grenadinen,Saint-Vincent-et-les-Grenadines,San Vicente y las Granadinas,????? ????????? ??? ??????????,????-??????? ? ?????????,«λΆ εολ«λΆ νιδ©ολ§ολ
sm,San Marino,Saint-Marin,San Marino,????? ???????,???-??????,«λ κ©ολν
st,S?o Tom‚ und Pr?ncipe,Sao Tom‚-et-Principe,Santo Tom‚ y Pr?ncipe,??? ???? ??? ????????,???-???? ? ????????,«ν Άνκο ν ©ολ«ο 
sa,Saudi-Arabien,Arabie saoudite,Arabia Saudita,???????? ??????,?????????? ??????,ι«γν§ο΅
sn,Senegal,S‚n‚gal,Senegal,????????,???????,ι«λδι
rs,Serbien,Serbie,Serbia,??????,??????,­© ο
sc,Seychellen,Seychelles,Seychelles,?????????,??????????? ???????,«ο¬ι
sl,Sierra Leone,Sierra Leone,Sierra Leona,????? ?????,??????-?????,«ο©ιονλ
sg,Singapur,Singapour,Singapur,??????????,????????,«λδεν©΅
sk,Slowakei,Slovaquie,Eslovaquia,????????,????????,«ινεθο
vn,Vietnam,Vit Nam,Vietnam,???????,???????,εοΆλκ
si,Slowenien,Slov‚nie,Eslovenia,????????,????????,«ινεολο
so,Somalia,Somalie,Somalia,???????,??????,ι­νκι
za,S?dafrika,Afrique du Sud,Sud?frica,????? ??????,???,¤λν  ε©οηο
zw,Simbabwe,Zimbabwe,Zimbabue,??????????,????????,οκ  νο
es,Spanien,Espagne,Espa?a,???????,???????,« λο
ss,S?dsudan,Soudan du Sud,Sud?n del Sur,????? ??????,????? ?????,¤λν  ι«ν§λ
sd,Sudan,Soudan,Sud?n,??????,?????,ι«ν§λ
sr,Suriname,Suriname,Surinam,????????,???????,«ν©ολκ
sz,Swasiland,Eswatini,Suazilandia,?????????,????????,«νΆολο
se,Schweden,Sude,Suecia,???????,??????,ι«νο§
ch,Schweiz,Suisse,Suiza,???????,?????????,«νο«©
sy,Syrien,Syrie,Siria,?????,?????,«ν©ο
tj,Tadschikistan,Tadjikistan,Tayikist?n,???????????,???????????,α¤οθ«Άλ
th,Thailand,Tha‹lande,Tailandia,????????,???????,Άοιλ§
tg,Togo,Togo,Togo,?????,????,Άνδν
to,Tonga,Tonga,Tonga,?????,?????,Άνλδ
tt,Trinidad und Tobago,Trinit‚-et-Tobago,Trinidad y Tobago,?????????? ??? ????????,???????? ? ??????,Ά©ολο§§ νΆν δν
ae,Vereinigte Arabische Emirate,?mirats arabes unis,Emiratos ?rabes Unidos,??????? ??????? ???????,???,ικ©Ά ιγ© ο΅ ικΆ¥§΅
tn,Tunesien,Tunisie,T?nez,???????,?????,Άνλ«
tr,T?rkei,Turquie,Turqu?a,???????,??????,Ά©θο
tm,Turkmenistan,Turkm‚nistan,Turkmenist?n,?????????????,?????????,Ά©θκλ«Άλ
tv,Tuvalu,Tuvalu,Tuvalu,????????,??????,Άνειν
ug,Uganda,Ouganda,Uganda,????????,??????,νδλ§
ua,Ukraine,Ukraine,Ucrania,????????,???????,νθ©λο
mk,Nordmazedonien,Mac‚doine du Nord,Macedonia del Norte,?????? ?????????,???????? ?????????,κη§νλο
eg,?gypten,?gypte,Egipto,????????,??????,κ­©
gb,Vereinigtes K?nigreich,Royaume-Uni,Reino Unido,??????? ????????,??????????????,ικκιθ΅ ικΆ¥§΅
tz,Tansania,Tanzanie,Tanzania,????????,????????,Άλλο
us,Vereinigte Staaten,?tats-Unis,Estados Unidos,???????? ????????? ????????,???,ινιοΆ ικΆ¥§΅
bf,Burkina Faso,Burkina Faso,Burkina Faso,????????? ????,???????-????, ν©θολ ε«ν
uy,Uruguay,Uruguay,Uruguay,??????????,???????,ιν©νδνο
uz,Usbekistan,Ouzb‚kistan,Uzbekist?n,????????????,??????????,ν θ«Άλ
ve,Venezuela,Venezuela,Venezuela,??????????,?????????,ελνοι
ws,Samoa,Samoa,Samoa,?????,?????,«κν
ye,Jemen,Y‚men,Yemen,??????,?????,ιοκλ
zm,Sambia,Zambie,Zambia,??????,??????,κ ο
